accountNo,transactionAmount,transactionType
52939,7387.00,WITHDRAW
58112,5608.00,DEPOSIT
57362,5929.00,DEPOSIT
54745,4272.00,DEPOSIT
69638,7042.00,DEPOSIT
56856,4244.00,WITHDRAW
51649,6277.00,DEPOSIT
56159,5473.00,WITHDRAW
61576,3098.00,WITHDRAW
59322,6880.00,DEPOSIT
52124,5681.00,DEPOSIT
56107,5662.00,DEPOSIT
54020,5079.00,DEPOSIT
57246,9565.00,DEPOSIT
65480,8106.00,WITHDRAW
56009,6570.00,DEPOSIT
60089,6304.00,WITHDRAW
66954,3217.00,DEPOSIT
63107,6874.00,WITHDRAW
62041,3644.00,WITHDRAW
64057,4091.00,DEPOSIT
54936,7738.00,WITHDRAW
52894,8808.00,WITHDRAW
69833,3639.00,DEPOSIT
56946,4422.00,DEPOSIT
60199,5253.00,DEPOSIT
67897,8650.00,WITHDRAW
69755,5592.00,WITHDRAW
62814,6804.00,DEPOSIT
61279,6848.00,DEPOSIT
65707,3385.00,WITHDRAW
53335,6279.00,DEPOSIT
67005,6786.00,WITHDRAW
69908,9141.00,DEPOSIT
64294,3584.00,WITHDRAW
60873,8767.00,DEPOSIT
67233,5112.00,DEPOSIT
61149,8676.00,DEPOSIT
58481,8559.00,DEPOSIT
68555,7228.00,DEPOSIT
56288,7244.00,WITHDRAW
57440,4211.00,WITHDRAW
66079,6923.00,WITHDRAW
52127,6387.00,DEPOSIT
63647,6791.00,WITHDRAW
68329,5476.00,DEPOSIT
54231,5229.00,WITHDRAW
53376,6220.00,WITHDRAW
63391,7082.00,DEPOSIT
69770,9526.00,DEPOSIT
53556,9077.00,WITHDRAW
59273,7327.00,DEPOSIT
66957,5637.00,DEPOSIT
53157,4273.00,WITHDRAW
64699,3832.00,WITHDRAW
57449,8959.00,WITHDRAW
54034,7566.00,WITHDRAW
52624,4082.00,DEPOSIT
66265,8790.00,WITHDRAW
63593,7032.00,DEPOSIT
63200,5803.00,DEPOSIT
59262,6428.00,WITHDRAW
69015,6885.00,WITHDRAW
52936,3110.00,WITHDRAW
57158,5968.00,DEPOSIT
64857,6986.00,WITHDRAW
66088,6952.00,WITHDRAW
52598,6767.00,DEPOSIT
57522,7733.00,WITHDRAW
53557,5424.00,WITHDRAW
59097,7309.00,DEPOSIT
51064,7397.00,WITHDRAW
66550,6346.00,WITHDRAW
67482,6753.00,DEPOSIT
52845,7166.00,DEPOSIT
66857,7544.00,WITHDRAW
56007,6851.00,DEPOSIT
54985,8874.00,WITHDRAW
63188,6741.00,DEPOSIT
62487,9560.00,DEPOSIT
68284,6592.00,DEPOSIT
51220,9041.00,WITHDRAW
56745,3457.00,DEPOSIT
50628,7350.00,WITHDRAW
62159,5995.00,WITHDRAW
59832,7137.00,DEPOSIT
66982,7934.00,DEPOSIT
51251,6355.00,DEPOSIT
62305,7770.00,WITHDRAW
59559,3076.00,WITHDRAW
61373,8152.00,DEPOSIT
55519,7345.00,WITHDRAW
68085,7539.00,WITHDRAW
54236,7364.00,WITHDRAW
61355,6522.00,DEPOSIT
66703,6296.00,DEPOSIT
61079,4633.00,DEPOSIT
59746,3790.00,WITHDRAW
62242,4998.00,WITHDRAW
56757,7592.00,DEPOSIT
62511,4431.00,DEPOSIT
58550,3987.00,WITHDRAW
50511,9857.00,DEPOSIT
68827,6317.00,WITHDRAW
68562,6382.00,DEPOSIT
53969,5510.00,DEPOSIT
53598,8047.00,WITHDRAW
67316,6230.00,DEPOSIT
50145,7461.00,WITHDRAW
66518,9978.00,DEPOSIT
51991,8793.00,DEPOSIT
65849,5157.00,WITHDRAW
59554,4039.00,DEPOSIT
58470,6336.00,DEPOSIT
65145,8533.00,WITHDRAW
61468,5388.00,DEPOSIT
55271,9020.00,WITHDRAW
67310,5718.00,WITHDRAW
69399,6375.00,DEPOSIT
60957,3958.00,DEPOSIT
59734,7980.00,DEPOSIT
67563,4325.00,WITHDRAW
57661,8758.00,DEPOSIT
54058,6325.00,WITHDRAW
53588,7766.00,WITHDRAW
54057,5888.00,DEPOSIT
58710,6072.00,DEPOSIT
53550,8957.00,DEPOSIT
58120,8854.00,DEPOSIT
68595,5704.00,WITHDRAW
64213,5140.00,WITHDRAW
64750,3780.00,WITHDRAW
55669,4271.00,WITHDRAW
67227,9832.00,WITHDRAW
56750,5123.00,WITHDRAW
66910,5068.00,DEPOSIT
51248,6822.00,WITHDRAW
58725,4237.00,WITHDRAW
58344,9403.00,DEPOSIT
52410,6811.00,WITHDRAW
67291,6472.00,DEPOSIT
60066,7844.00,DEPOSIT
54615,6681.00,DEPOSIT
61457,7351.00,WITHDRAW
57708,7687.00,WITHDRAW
67011,7197.00,WITHDRAW
54648,6922.00,DEPOSIT
50171,7047.00,WITHDRAW
50920,9894.00,WITHDRAW
51808,6227.00,WITHDRAW
54868,7014.00,DEPOSIT
52873,8147.00,DEPOSIT
52713,9833.00,DEPOSIT
63347,5312.00,WITHDRAW
50256,9744.00,WITHDRAW
51627,4176.00,WITHDRAW
52920,5365.00,WITHDRAW
55142,9541.00,WITHDRAW
63712,5354.00,WITHDRAW
64055,3650.00,WITHDRAW
68885,7482.00,DEPOSIT
61090,9058.00,DEPOSIT
65374,4574.00,WITHDRAW
58159,3638.00,DEPOSIT
53835,3566.00,WITHDRAW
60421,4074.00,DEPOSIT
59238,6083.00,DEPOSIT
68555,3632.00,DEPOSIT
55087,9243.00,WITHDRAW
55721,7471.00,WITHDRAW
51220,3569.00,WITHDRAW
55165,6004.00,DEPOSIT
69864,9897.00,DEPOSIT
58642,4373.00,DEPOSIT
58066,8268.00,WITHDRAW
54739,6493.00,DEPOSIT
55456,4922.00,DEPOSIT
61728,7817.00,DEPOSIT
61360,5540.00,WITHDRAW
55585,7684.00,WITHDRAW
61541,6456.00,DEPOSIT
53406,8358.00,DEPOSIT
53539,6349.00,WITHDRAW
67793,4993.00,DEPOSIT
68757,7875.00,WITHDRAW
50580,7277.00,WITHDRAW
53390,8595.00,WITHDRAW
63246,3697.00,DEPOSIT
53678,6358.00,WITHDRAW
56007,7023.00,DEPOSIT
61528,7997.00,WITHDRAW
63652,9290.00,DEPOSIT
60388,8546.00,DEPOSIT
65117,8259.00,WITHDRAW
60641,3205.00,WITHDRAW
54323,7144.00,DEPOSIT
69690,3869.00,WITHDRAW
53014,5275.00,WITHDRAW
60166,7873.00,DEPOSIT
64737,7358.00,WITHDRAW
58951,3328.00,DEPOSIT
69322,5335.00,DEPOSIT
59005,8432.00,DEPOSIT
59715,3774.00,DEPOSIT
55337,6101.00,DEPOSIT
60308,8042.00,WITHDRAW
66104,3750.00,DEPOSIT
59999,4988.00,WITHDRAW
68989,9679.00,DEPOSIT
56260,8740.00,WITHDRAW
53355,8227.00,WITHDRAW
68286,8724.00,DEPOSIT
67112,4763.00,WITHDRAW
60150,5674.00,DEPOSIT
53602,7047.00,WITHDRAW
61272,8811.00,DEPOSIT
61956,4167.00,DEPOSIT
68336,4553.00,DEPOSIT
56631,6271.00,WITHDRAW
69292,5797.00,DEPOSIT
50929,3280.00,DEPOSIT
51006,7517.00,DEPOSIT
66285,3228.00,WITHDRAW
59714,7610.00,WITHDRAW
60235,5672.00,WITHDRAW
58849,9776.00,DEPOSIT
69568,6799.00,DEPOSIT
62715,6643.00,WITHDRAW
69767,3145.00,DEPOSIT
52772,9064.00,DEPOSIT
62723,7230.00,WITHDRAW
50534,5359.00,DEPOSIT
63552,9458.00,DEPOSIT
52683,9680.00,DEPOSIT
54134,4906.00,WITHDRAW
63466,4442.00,WITHDRAW
59817,5409.00,WITHDRAW
57258,6093.00,DEPOSIT
57402,4755.00,DEPOSIT
55784,9672.00,DEPOSIT
64282,5691.00,DEPOSIT
50028,5549.00,WITHDRAW
65368,9569.00,WITHDRAW
66344,4772.00,WITHDRAW
52239,3811.00,DEPOSIT
67770,3986.00,WITHDRAW
67173,4138.00,DEPOSIT
63456,3717.00,WITHDRAW
66932,4725.00,DEPOSIT
59571,4974.00,DEPOSIT
60842,7351.00,WITHDRAW
57925,6041.00,WITHDRAW
66657,7836.00,WITHDRAW
55332,3351.00,WITHDRAW
56587,6756.00,WITHDRAW
58650,7067.00,DEPOSIT
59983,6955.00,WITHDRAW
60342,9062.00,DEPOSIT
66340,8767.00,DEPOSIT
69847,3656.00,WITHDRAW
59352,7487.00,DEPOSIT
54551,4284.00,DEPOSIT
55659,4220.00,DEPOSIT
63060,4794.00,WITHDRAW
61030,9208.00,WITHDRAW
60787,8057.00,DEPOSIT
66325,5521.00,DEPOSIT
58395,5202.00,WITHDRAW
59742,5764.00,WITHDRAW
60293,9510.00,WITHDRAW
67261,9534.00,WITHDRAW
51334,8109.00,DEPOSIT
54589,7710.00,DEPOSIT
62581,9962.00,WITHDRAW
55368,5238.00,WITHDRAW
55191,3222.00,DEPOSIT
64958,8592.00,WITHDRAW
54569,7543.00,WITHDRAW
65603,3214.00,DEPOSIT
65262,3872.00,DEPOSIT
57126,4348.00,WITHDRAW
68817,6858.00,DEPOSIT
63386,9664.00,WITHDRAW
51460,5176.00,WITHDRAW
55636,5642.00,DEPOSIT
66670,8821.00,DEPOSIT
56835,4695.00,DEPOSIT
54800,8038.00,DEPOSIT
58302,3048.00,WITHDRAW
51744,4615.00,WITHDRAW
62113,3278.00,WITHDRAW
66210,8442.00,DEPOSIT
63956,6177.00,DEPOSIT
55133,9371.00,DEPOSIT
56538,9263.00,WITHDRAW
65481,8905.00,DEPOSIT
53903,6607.00,WITHDRAW
50332,3081.00,DEPOSIT
65304,8395.00,WITHDRAW
60566,5270.00,DEPOSIT
68765,9271.00,DEPOSIT
64790,6361.00,WITHDRAW
51682,9439.00,WITHDRAW
63552,4370.00,WITHDRAW
69393,3122.00,WITHDRAW
51886,6998.00,WITHDRAW
55141,3932.00,DEPOSIT
56633,7705.00,WITHDRAW
61897,5936.00,DEPOSIT
58580,6427.00,WITHDRAW
57139,9675.00,WITHDRAW
61428,5804.00,WITHDRAW
52026,5960.00,WITHDRAW
67320,4527.00,DEPOSIT
63843,4278.00,WITHDRAW
55315,8950.00,DEPOSIT
58861,4605.00,DEPOSIT
55526,3196.00,DEPOSIT
61920,9324.00,DEPOSIT
64665,8273.00,WITHDRAW
69624,9379.00,DEPOSIT
60057,3274.00,DEPOSIT
59645,8205.00,WITHDRAW
55842,8821.00,DEPOSIT
69853,3160.00,WITHDRAW
69678,9145.00,DEPOSIT
53153,7691.00,DEPOSIT
64381,4254.00,WITHDRAW
50837,9374.00,WITHDRAW
54687,6479.00,DEPOSIT
66778,3946.00,DEPOSIT
59583,4073.00,WITHDRAW
55452,8898.00,DEPOSIT
64364,9363.00,DEPOSIT
62217,7840.00,WITHDRAW
68988,7679.00,WITHDRAW
67812,8694.00,WITHDRAW
68284,8195.00,DEPOSIT
60821,6037.00,WITHDRAW
62984,8136.00,DEPOSIT
56014,7179.00,DEPOSIT
50502,4196.00,DEPOSIT
61184,5846.00,DEPOSIT
56097,6742.00,WITHDRAW
61028,5185.00,DEPOSIT
61595,4796.00,DEPOSIT
66413,9866.00,WITHDRAW
56252,7600.00,DEPOSIT
63166,3646.00,WITHDRAW
54488,7037.00,DEPOSIT
59605,6887.00,DEPOSIT
66582,9652.00,WITHDRAW
57394,4480.00,DEPOSIT
62623,7215.00,DEPOSIT
65594,7890.00,DEPOSIT
58644,6346.00,WITHDRAW
62585,8803.00,DEPOSIT
59511,4520.00,DEPOSIT
61835,8825.00,WITHDRAW
50119,8604.00,WITHDRAW
54949,4330.00,WITHDRAW
56931,6847.00,WITHDRAW
55051,8101.00,DEPOSIT
69231,5088.00,DEPOSIT
65740,8202.00,WITHDRAW
65805,8588.00,WITHDRAW
65759,8993.00,DEPOSIT
51922,9062.00,WITHDRAW
52021,4807.00,DEPOSIT
64050,5514.00,DEPOSIT
64388,9804.00,DEPOSIT
67875,7797.00,DEPOSIT
50273,3283.00,DEPOSIT
59054,6688.00,DEPOSIT
53870,3330.00,WITHDRAW
56401,7256.00,WITHDRAW
62419,6822.00,WITHDRAW
57042,6718.00,WITHDRAW
65901,9426.00,WITHDRAW
51268,5084.00,WITHDRAW
55176,9080.00,WITHDRAW
63409,5892.00,WITHDRAW
64318,6702.00,DEPOSIT
65465,7531.00,DEPOSIT
50482,6138.00,DEPOSIT
55803,4650.00,WITHDRAW
64088,3403.00,WITHDRAW
66692,5496.00,DEPOSIT
68206,7249.00,DEPOSIT
56481,6880.00,WITHDRAW
53275,3211.00,DEPOSIT
58207,8386.00,DEPOSIT
56792,8395.00,WITHDRAW
55893,5589.00,WITHDRAW
54128,8013.00,WITHDRAW
52632,4471.00,WITHDRAW
59705,4939.00,DEPOSIT
58839,7855.00,DEPOSIT
63683,9137.00,WITHDRAW
56669,8331.00,WITHDRAW
51395,7042.00,WITHDRAW
58098,5696.00,WITHDRAW
51155,7017.00,WITHDRAW
68878,7729.00,WITHDRAW
67859,7493.00,WITHDRAW
51900,8037.00,DEPOSIT
50169,3649.00,WITHDRAW
56481,8883.00,WITHDRAW
59434,4803.00,DEPOSIT
64639,8857.00,DEPOSIT
69581,8168.00,WITHDRAW
65965,8273.00,WITHDRAW
58717,4080.00,WITHDRAW
64642,7771.00,DEPOSIT
64064,7516.00,WITHDRAW
56692,8872.00,DEPOSIT
67992,9547.00,DEPOSIT
67882,6279.00,DEPOSIT
52928,4298.00,WITHDRAW
62288,9466.00,DEPOSIT
63845,4556.00,WITHDRAW
66254,8712.00,WITHDRAW
57706,7522.00,WITHDRAW
61516,9914.00,WITHDRAW
69683,7080.00,WITHDRAW
53042,6450.00,DEPOSIT
67540,9699.00,DEPOSIT
50349,3323.00,WITHDRAW
53432,6643.00,WITHDRAW
60303,8331.00,DEPOSIT
52004,4453.00,DEPOSIT
60499,7581.00,DEPOSIT
69674,6730.00,DEPOSIT
52925,9209.00,DEPOSIT
59090,9511.00,WITHDRAW
64099,7931.00,DEPOSIT
63447,4028.00,DEPOSIT
57804,3054.00,DEPOSIT
69796,9949.00,WITHDRAW
63056,6250.00,WITHDRAW
69540,5437.00,WITHDRAW
67472,5384.00,WITHDRAW
58960,9857.00,DEPOSIT
53674,3027.00,WITHDRAW
50372,3469.00,DEPOSIT
61386,8885.00,WITHDRAW
51864,7336.00,WITHDRAW
63024,4385.00,DEPOSIT
58532,7227.00,DEPOSIT
61191,6062.00,DEPOSIT
66498,7387.00,WITHDRAW
61996,5757.00,DEPOSIT
67744,4729.00,WITHDRAW
56001,5348.00,DEPOSIT
55705,8283.00,DEPOSIT
57227,5011.00,DEPOSIT
67593,7602.00,DEPOSIT
68534,4944.00,WITHDRAW
52598,6432.00,DEPOSIT
68563,5683.00,WITHDRAW
69954,7012.00,DEPOSIT
54288,3128.00,DEPOSIT
53634,7648.00,DEPOSIT
64748,8599.00,WITHDRAW
55471,3930.00,DEPOSIT
56123,6562.00,DEPOSIT
64293,3480.00,WITHDRAW
51394,5306.00,DEPOSIT
56530,5758.00,WITHDRAW
52171,3227.00,WITHDRAW
50443,9837.00,DEPOSIT
55045,7356.00,DEPOSIT
54103,9338.00,DEPOSIT
53952,3386.00,WITHDRAW
54409,4189.00,DEPOSIT
51313,4261.00,DEPOSIT
51417,9862.00,WITHDRAW
68307,6963.00,WITHDRAW
63449,3956.00,DEPOSIT
67479,4803.00,DEPOSIT
56910,7345.00,DEPOSIT
53708,9150.00,WITHDRAW
61016,7925.00,DEPOSIT
54325,9345.00,WITHDRAW
69655,5950.00,WITHDRAW
68976,3684.00,WITHDRAW
64699,7264.00,DEPOSIT
54619,8777.00,DEPOSIT
50012,6132.00,DEPOSIT
67116,5002.00,WITHDRAW
69190,7798.00,DEPOSIT
62241,6692.00,DEPOSIT
58919,9645.00,WITHDRAW
68313,5022.00,DEPOSIT
56739,9606.00,WITHDRAW
65147,5740.00,DEPOSIT
55026,9820.00,DEPOSIT
61149,7934.00,DEPOSIT
57140,7011.00,WITHDRAW
50592,5163.00,WITHDRAW
60625,8104.00,DEPOSIT
51681,7158.00,DEPOSIT
51665,3728.00,WITHDRAW
54692,7676.00,DEPOSIT
63044,4544.00,DEPOSIT
55741,7177.00,WITHDRAW
65618,8777.00,DEPOSIT
52442,9752.00,WITHDRAW
63025,9727.00,DEPOSIT
63039,3145.00,DEPOSIT
64402,3226.00,WITHDRAW
69594,5935.00,WITHDRAW
57993,7166.00,WITHDRAW
60392,3945.00,WITHDRAW
53397,8768.00,WITHDRAW
67623,7429.00,WITHDRAW
59366,8505.00,WITHDRAW
67536,9763.00,DEPOSIT
55215,4883.00,DEPOSIT
53962,4601.00,WITHDRAW
66718,8151.00,DEPOSIT
54197,5492.00,DEPOSIT
55515,9380.00,DEPOSIT
58512,6728.00,WITHDRAW
54175,8372.00,DEPOSIT
58610,3152.00,WITHDRAW
54662,8088.00,WITHDRAW
52682,4794.00,WITHDRAW
65436,8356.00,DEPOSIT
54618,3161.00,WITHDRAW
54373,5340.00,DEPOSIT
54318,3336.00,DEPOSIT
53922,9670.00,WITHDRAW
51639,3274.00,WITHDRAW
65152,8931.00,WITHDRAW
60614,7574.00,DEPOSIT
59790,4954.00,DEPOSIT
52498,6813.00,WITHDRAW
64674,6909.00,WITHDRAW
54170,4868.00,DEPOSIT
64486,7081.00,WITHDRAW
59764,7526.00,WITHDRAW
52287,4839.00,WITHDRAW
51858,9192.00,DEPOSIT
56925,3379.00,DEPOSIT
54598,6320.00,WITHDRAW
52235,6402.00,DEPOSIT
61091,8277.00,WITHDRAW
62319,5216.00,WITHDRAW
55641,6465.00,DEPOSIT
65575,5756.00,WITHDRAW
52499,4942.00,WITHDRAW
60812,4439.00,DEPOSIT
57787,3428.00,WITHDRAW
63876,7271.00,DEPOSIT
62229,5205.00,DEPOSIT
65766,5848.00,DEPOSIT
69673,6286.00,WITHDRAW
60437,5684.00,WITHDRAW
51846,5403.00,DEPOSIT
64142,8362.00,WITHDRAW
65450,7595.00,DEPOSIT
50009,7965.00,DEPOSIT
65567,5143.00,WITHDRAW
60860,9589.00,DEPOSIT
53507,9142.00,WITHDRAW
60037,3152.00,DEPOSIT
54906,5424.00,WITHDRAW
69959,4854.00,WITHDRAW
51657,8779.00,WITHDRAW
59440,9406.00,DEPOSIT
67357,3500.00,WITHDRAW
53918,7216.00,WITHDRAW
57137,7369.00,DEPOSIT
59813,9316.00,WITHDRAW
53393,5913.00,WITHDRAW
66630,4667.00,DEPOSIT
59170,3586.00,WITHDRAW
65792,9330.00,DEPOSIT
51847,4766.00,WITHDRAW
64538,5485.00,DEPOSIT
52190,6478.00,DEPOSIT
55268,5969.00,DEPOSIT
50352,8662.00,WITHDRAW
68204,3950.00,DEPOSIT
67032,5667.00,WITHDRAW
62847,6260.00,WITHDRAW
57799,6622.00,WITHDRAW
56898,7888.00,WITHDRAW
67966,4970.00,DEPOSIT
56620,5017.00,DEPOSIT
57940,9095.00,DEPOSIT
56127,8181.00,WITHDRAW
61466,5250.00,WITHDRAW
58792,9753.00,DEPOSIT
53857,7407.00,WITHDRAW
59641,7452.00,DEPOSIT
61569,9403.00,DEPOSIT
67257,8788.00,DEPOSIT
50223,6892.00,DEPOSIT
66377,5372.00,WITHDRAW
61450,9893.00,WITHDRAW
60153,6621.00,DEPOSIT
59076,4890.00,WITHDRAW
61183,9418.00,DEPOSIT
59504,3381.00,WITHDRAW
60384,6170.00,WITHDRAW
61619,6482.00,WITHDRAW
54872,5446.00,WITHDRAW
65869,6349.00,DEPOSIT
69467,7356.00,WITHDRAW
62196,7241.00,WITHDRAW
68134,8583.00,DEPOSIT
60239,6922.00,DEPOSIT
58609,4666.00,WITHDRAW
68153,4099.00,DEPOSIT
66350,4478.00,DEPOSIT
58322,7271.00,WITHDRAW
56115,4834.00,DEPOSIT
53397,6404.00,DEPOSIT
61962,5043.00,WITHDRAW
64339,4524.00,WITHDRAW
51438,9399.00,DEPOSIT
66268,6542.00,WITHDRAW
59583,9793.00,WITHDRAW
53545,7233.00,DEPOSIT
55279,9122.00,WITHDRAW
59166,6850.00,DEPOSIT
55592,7624.00,DEPOSIT
59555,8666.00,DEPOSIT
69945,9685.00,DEPOSIT
57573,7835.00,DEPOSIT
66560,9370.00,WITHDRAW
66256,4542.00,WITHDRAW
50845,5093.00,DEPOSIT
56863,5632.00,DEPOSIT
69488,6852.00,WITHDRAW
53115,3401.00,DEPOSIT
55488,5290.00,DEPOSIT
66758,7806.00,WITHDRAW
64973,9639.00,DEPOSIT
65873,3277.00,WITHDRAW
60421,5869.00,WITHDRAW
54962,8820.00,WITHDRAW
55307,8328.00,DEPOSIT
60368,3837.00,WITHDRAW
52846,9046.00,WITHDRAW
51314,4081.00,DEPOSIT
69209,8463.00,WITHDRAW
68771,4103.00,DEPOSIT
68040,9937.00,WITHDRAW
58023,9921.00,DEPOSIT
60758,5015.00,DEPOSIT
51713,8904.00,WITHDRAW
57826,7350.00,WITHDRAW
56759,8771.00,WITHDRAW
60204,4211.00,WITHDRAW
63907,7328.00,WITHDRAW
68805,7293.00,DEPOSIT
57201,8947.00,DEPOSIT
63213,9090.00,WITHDRAW
67824,8229.00,DEPOSIT
53824,4183.00,DEPOSIT
67533,5059.00,DEPOSIT
63488,9969.00,WITHDRAW
68781,7554.00,WITHDRAW
50002,7581.00,DEPOSIT
58563,5693.00,WITHDRAW
68496,7252.00,WITHDRAW
54426,7687.00,WITHDRAW
69857,9564.00,DEPOSIT
64896,3681.00,WITHDRAW
58093,3320.00,DEPOSIT
59235,4907.00,DEPOSIT
61910,8304.00,DEPOSIT
65701,9765.00,DEPOSIT
63247,4252.00,WITHDRAW
68369,3694.00,WITHDRAW
63760,9015.00,WITHDRAW
59763,3087.00,DEPOSIT
51902,4511.00,WITHDRAW
54282,5563.00,DEPOSIT
60179,8373.00,WITHDRAW
58760,7918.00,DEPOSIT
52671,3964.00,WITHDRAW
56268,3900.00,WITHDRAW
53023,8734.00,DEPOSIT
66379,3778.00,WITHDRAW
68987,3032.00,DEPOSIT
64872,3771.00,WITHDRAW
61424,4443.00,DEPOSIT
59023,4567.00,WITHDRAW
66794,3915.00,DEPOSIT
51527,6362.00,DEPOSIT
52055,8946.00,DEPOSIT
60315,7596.00,WITHDRAW
63035,9422.00,DEPOSIT
56635,8845.00,WITHDRAW
63872,3236.00,DEPOSIT
69009,8940.00,DEPOSIT
63236,3106.00,DEPOSIT
51603,3362.00,WITHDRAW
59153,6880.00,DEPOSIT
63735,3951.00,WITHDRAW
68577,7945.00,DEPOSIT
52536,3449.00,WITHDRAW
68831,4694.00,WITHDRAW
60164,7572.00,DEPOSIT
51848,4386.00,DEPOSIT
69349,5536.00,WITHDRAW
61454,4645.00,WITHDRAW
63005,7182.00,DEPOSIT
62534,5619.00,DEPOSIT
64465,5485.00,DEPOSIT
59712,7290.00,WITHDRAW
57785,8528.00,DEPOSIT
55099,8695.00,DEPOSIT
57602,8644.00,WITHDRAW
50449,8486.00,DEPOSIT
56114,3252.00,DEPOSIT
61744,5691.00,WITHDRAW
59884,9699.00,DEPOSIT
51020,7791.00,WITHDRAW
69816,9747.00,DEPOSIT
51889,9310.00,DEPOSIT
61421,4188.00,WITHDRAW
54300,3111.00,DEPOSIT
52857,9739.00,WITHDRAW
68115,5727.00,WITHDRAW
59936,6499.00,DEPOSIT
63618,6133.00,WITHDRAW
66377,7692.00,WITHDRAW
55695,8990.00,WITHDRAW
65480,6432.00,DEPOSIT
60683,8902.00,DEPOSIT
64577,9230.00,WITHDRAW
58586,3481.00,DEPOSIT
56971,7174.00,WITHDRAW
61605,6926.00,DEPOSIT
55974,5212.00,DEPOSIT
66143,9593.00,WITHDRAW
58683,3039.00,WITHDRAW
58388,3722.00,DEPOSIT
58820,3036.00,DEPOSIT
68153,6740.00,WITHDRAW
63291,6522.00,DEPOSIT
56915,3928.00,WITHDRAW
55163,5184.00,DEPOSIT
67893,3804.00,DEPOSIT
67125,4292.00,DEPOSIT
60103,3563.00,DEPOSIT
65961,5515.00,DEPOSIT
68737,9390.00,DEPOSIT
59787,5320.00,WITHDRAW
60158,7074.00,DEPOSIT
66478,4807.00,WITHDRAW
52281,7753.00,DEPOSIT
57494,4800.00,DEPOSIT
61162,8253.00,WITHDRAW
63062,7734.00,WITHDRAW
68607,5539.00,WITHDRAW
69711,7151.00,DEPOSIT
57494,5302.00,WITHDRAW
51809,7316.00,WITHDRAW
54070,7968.00,WITHDRAW
56916,3532.00,DEPOSIT
64245,5416.00,WITHDRAW
58034,6771.00,WITHDRAW
56675,4218.00,WITHDRAW
59872,7527.00,WITHDRAW
62930,6050.00,DEPOSIT
50521,4426.00,DEPOSIT
54855,7868.00,DEPOSIT
65075,9454.00,DEPOSIT
50282,9607.00,WITHDRAW
57922,8683.00,DEPOSIT
55469,4162.00,WITHDRAW
50724,5114.00,WITHDRAW
66913,9979.00,WITHDRAW
56522,5305.00,DEPOSIT
54054,9643.00,DEPOSIT
67004,5378.00,DEPOSIT
69080,8128.00,DEPOSIT
61186,8704.00,WITHDRAW
50383,6562.00,WITHDRAW
58559,9414.00,WITHDRAW
51567,3148.00,DEPOSIT
69980,8242.00,WITHDRAW
52085,8607.00,DEPOSIT
63348,5004.00,DEPOSIT
50568,3429.00,DEPOSIT
62560,7678.00,DEPOSIT
57898,8058.00,WITHDRAW
67899,4102.00,WITHDRAW
63861,4941.00,DEPOSIT
64441,8086.00,DEPOSIT
69199,3595.00,DEPOSIT
55338,7059.00,DEPOSIT
57091,3103.00,DEPOSIT
65894,5253.00,WITHDRAW
68739,4707.00,DEPOSIT
53107,8463.00,DEPOSIT
67807,7115.00,DEPOSIT
61649,4579.00,DEPOSIT
50910,6801.00,DEPOSIT
56638,6092.00,WITHDRAW
68585,3158.00,DEPOSIT
50149,3228.00,WITHDRAW
55442,4074.00,DEPOSIT
62241,5302.00,WITHDRAW
53091,6607.00,DEPOSIT
51540,4395.00,DEPOSIT
61513,7503.00,DEPOSIT
60067,7672.00,DEPOSIT
66343,8895.00,WITHDRAW
52643,9899.00,WITHDRAW
54121,9803.00,WITHDRAW
56278,5793.00,WITHDRAW
50044,6805.00,DEPOSIT
50845,7452.00,DEPOSIT
61357,8186.00,WITHDRAW
67133,3582.00,WITHDRAW
55397,9566.00,DEPOSIT
59512,4619.00,WITHDRAW
65993,6614.00,DEPOSIT
63894,4503.00,WITHDRAW
50304,7376.00,DEPOSIT
51566,9227.00,DEPOSIT
56989,9121.00,DEPOSIT
65975,3650.00,WITHDRAW
56874,3400.00,WITHDRAW
58055,5356.00,DEPOSIT
63798,4575.00,DEPOSIT
65557,7756.00,WITHDRAW
65598,9312.00,DEPOSIT
51991,9021.00,WITHDRAW
51136,4822.00,WITHDRAW
64140,4087.00,WITHDRAW
51828,5829.00,DEPOSIT
60014,5768.00,WITHDRAW
58692,6435.00,DEPOSIT
68283,5385.00,DEPOSIT
53727,7248.00,WITHDRAW
67583,3579.00,DEPOSIT
50813,7261.00,DEPOSIT
56293,8791.00,DEPOSIT
65687,6720.00,DEPOSIT
62874,6698.00,WITHDRAW
60914,5534.00,DEPOSIT
63030,7449.00,DEPOSIT
52778,9759.00,DEPOSIT
68042,8413.00,WITHDRAW
51379,9914.00,DEPOSIT
54736,7175.00,DEPOSIT
65097,9385.00,DEPOSIT
64240,3510.00,DEPOSIT
58026,4751.00,DEPOSIT
58996,9380.00,DEPOSIT
59936,8997.00,WITHDRAW
53517,5929.00,WITHDRAW
50241,6087.00,WITHDRAW
52409,3103.00,DEPOSIT
51050,9973.00,WITHDRAW
56054,9362.00,WITHDRAW
56291,5076.00,WITHDRAW
51804,8666.00,WITHDRAW
54477,3891.00,WITHDRAW
66140,7577.00,WITHDRAW
59081,3884.00,WITHDRAW
50145,4146.00,DEPOSIT
59648,8886.00,WITHDRAW
61030,6191.00,DEPOSIT
55266,5496.00,WITHDRAW
68480,7909.00,DEPOSIT
55162,4290.00,WITHDRAW
62913,7269.00,WITHDRAW
55814,8234.00,WITHDRAW
52914,5094.00,DEPOSIT
53561,6396.00,DEPOSIT
63378,5654.00,DEPOSIT
58032,7077.00,WITHDRAW
50554,8015.00,WITHDRAW
54210,7974.00,DEPOSIT
54825,3037.00,WITHDRAW
54840,7875.00,WITHDRAW
62639,3042.00,WITHDRAW
68981,6859.00,WITHDRAW
69350,6992.00,DEPOSIT
69403,5740.00,DEPOSIT
67619,3101.00,DEPOSIT
62808,8784.00,WITHDRAW
59959,9901.00,WITHDRAW
56302,9890.00,WITHDRAW
61517,6018.00,WITHDRAW
53087,9204.00,DEPOSIT
66209,4771.00,WITHDRAW
57505,7851.00,DEPOSIT
62182,8039.00,WITHDRAW
51770,7177.00,WITHDRAW
58707,8767.00,DEPOSIT
50132,6388.00,DEPOSIT
69810,7747.00,WITHDRAW
50306,5796.00,DEPOSIT
50426,9561.00,WITHDRAW
58956,8905.00,DEPOSIT
52840,4177.00,WITHDRAW
50083,5841.00,WITHDRAW
69121,9752.00,WITHDRAW
53724,8050.00,DEPOSIT
69704,3636.00,DEPOSIT
60043,5682.00,DEPOSIT
63258,6370.00,WITHDRAW
66345,9863.00,WITHDRAW
61926,4078.00,WITHDRAW
54095,4759.00,WITHDRAW
61749,8933.00,WITHDRAW
55979,5794.00,DEPOSIT
59408,5124.00,DEPOSIT
69045,6796.00,WITHDRAW
59304,6511.00,WITHDRAW
63753,5137.00,DEPOSIT
51517,3250.00,WITHDRAW
64222,6177.00,DEPOSIT
67005,8401.00,WITHDRAW
53645,9758.00,WITHDRAW
62418,5807.00,WITHDRAW
53517,4939.00,WITHDRAW
60587,7034.00,DEPOSIT
61740,3664.00,WITHDRAW
53491,7111.00,DEPOSIT
64277,3160.00,WITHDRAW
67128,5111.00,WITHDRAW
62954,9730.00,WITHDRAW
51240,3051.00,DEPOSIT
69381,8621.00,WITHDRAW
64153,4398.00,DEPOSIT
54375,9752.00,DEPOSIT
56368,6825.00,WITHDRAW
60242,8970.00,WITHDRAW
69416,6481.00,DEPOSIT
61623,7028.00,WITHDRAW
60407,3600.00,DEPOSIT
57033,7495.00,DEPOSIT
58945,8013.00,WITHDRAW
57238,7000.00,WITHDRAW
52428,6870.00,WITHDRAW
52180,9329.00,WITHDRAW
62773,7182.00,WITHDRAW
54556,7884.00,WITHDRAW
52768,4030.00,DEPOSIT
57769,9137.00,WITHDRAW
60096,7548.00,WITHDRAW
58306,3157.00,WITHDRAW
59617,3351.00,DEPOSIT
61580,7153.00,WITHDRAW
66345,9750.00,DEPOSIT
68616,9333.00,DEPOSIT
51269,3060.00,DEPOSIT
61257,8619.00,DEPOSIT
62489,8857.00,WITHDRAW
69509,5314.00,DEPOSIT
66320,6686.00,WITHDRAW
50858,5033.00,WITHDRAW
61987,3703.00,WITHDRAW
53674,6724.00,DEPOSIT
56036,5403.00,DEPOSIT
53827,8397.00,WITHDRAW
63076,8260.00,DEPOSIT
53906,7683.00,WITHDRAW
64519,6512.00,DEPOSIT
57499,4689.00,WITHDRAW
52077,7050.00,WITHDRAW
58034,3218.00,DEPOSIT
59821,8970.00,DEPOSIT
68960,4151.00,WITHDRAW
66135,8438.00,WITHDRAW
65852,5490.00,WITHDRAW
57773,9072.00,DEPOSIT
57983,4956.00,WITHDRAW
62182,3765.00,DEPOSIT
60084,6431.00,DEPOSIT
63809,8588.00,DEPOSIT
50390,6993.00,DEPOSIT
69105,7246.00,DEPOSIT
61114,8901.00,DEPOSIT
50861,4843.00,WITHDRAW
55726,9211.00,WITHDRAW
65476,8703.00,WITHDRAW
65313,9437.00,DEPOSIT
66499,9084.00,DEPOSIT
63330,6283.00,DEPOSIT
65237,6753.00,WITHDRAW
56944,8856.00,DEPOSIT
50500,8402.00,WITHDRAW
68803,6931.00,WITHDRAW
51947,7154.00,WITHDRAW
63466,8183.00,DEPOSIT
57380,5719.00,DEPOSIT
68259,3750.00,WITHDRAW
66552,9809.00,WITHDRAW
58294,8660.00,DEPOSIT
